BEGIN;DURATION;TOKEN;MAU;MAS;ORT;KAN;TRO;MRP;KAS;SPK;TRN;SPD;VAD
0;26332;-1;<p:>;;;;;;;;;;
26333;1322;0;z;;Sonne;z O n @;;;;;;;
27656;7055;0;O;;Sonne;z O n @;;;;;;;
34712;1763;0;n;;Sonne;z O n @;;;;;;;
36476;7496;0;@;;Sonne;z O n @;;;;;;;
43973;51155;-1;<p:>;;;;;;;;;;
95129;2645;1;z;;Säure;z OY r @;;;;;;;
97775;11024;1;OY;;Säure;z OY r @;;;;;;;
108800;4850;1;r;;Säure;z OY r @;;;;;;;
113651;4409;1;@;;Säure;z OY r @;;;;;;;
118061;50714;-1;<p:>;;;;;;;;;;
168776;1322;2;z;;Seele;z e: l @;;;;;;;
170099;10142;2;e:;;Seele;z e: l @;;;;;;;
180242;3086;2;l;;Seele;z e: l @;;;;;;;
183329;7055;2;@;;Seele;z e: l @;;;;;;;
190385;59093;-1;<p:>;;;;;;;;;;
249479;1322;3;z;;Säule;z OY l @;;;;;;;
250802;8819;3;OY;;Säule;z OY l @;;;;;;;
259622;5732;3;l;;Säule;z OY l @;;;;;;;
265355;6614;3;@;;Säule;z OY l @;;;;;;;
271970;46304;-1;<p:>;;;;;;;;;;
318275;1322;4;z;;Salz;z a l ts;;;;;;;
319598;6614;4;a;;Salz;z a l ts;;;;;;;
326213;6173;4;l;;Salz;z a l ts;;;;;;;
332387;12788;4;ts;;Salz;z a l ts;;;;;;;
345176;41453;-1;<p:>;;;;;;;;;;
386630;1322;5;z;;Samen;z a: m @ n;;;;;;;
387953;13229;5;a:;;Samen;z a: m @ n;;;;;;;
401183;1322;5;m;;Samen;z a: m @ n;;;;;;;
402506;3968;5;@;;Samen;z a: m @ n;;;;;;;
406475;5732;5;n;;Samen;z a: m @ n;;;;;;;
412208;47627;-1;<p:>;;;;;;;;;;
459836;1322;6;z;;Singen;z I N @ n;;;;;;;
461159;3527;6;I;;Singen;z I N @ n;;;;;;;
464687;3527;6;N;;Singen;z I N @ n;;;;;;;
468215;6614;6;@;;Singen;z I N @ n;;;;;;;
474830;4850;6;n;;Singen;z I N @ n;;;;;;;
479681;56447;-1;<p:>;;;;;;;;;;
536129;1322;7;z;;Sicht;z I C t;;;;;;;
537452;4850;7;I;;Sicht;z I C t;;;;;;;
542303;7937;7;C;;Sicht;z I C t;;;;;;;
550241;10142;7;t;;Sicht;z I C t;;;;;;;
560384;36602;-1;<p:>;;;;;;;;;;
596987;1322;8;z;;Sicher;z I C 6;;;;;;;
598310;3527;8;I;;Sicher;z I C 6;;;;;;;
601838;5732;8;C;;Sicher;z I C 6;;;;;;;
607571;7937;8;6;;Sicher;z I C 6;;;;;;;
615509;41012;-1;<p:>;;;;;;;;;;
656522;1322;9;z;;Sammlung;z a m l U N;;;;;;;
657845;6173;9;a;;Sammlung;z a m l U N;;;;;;;
664019;1322;9;m;;Sammlung;z a m l U N;;;;;;;
665342;4850;9;l;;Sammlung;z a m l U N;;;;;;;
670193;3968;9;U;;Sammlung;z a m l U N;;;;;;;
674162;6614;9;N;;Sammlung;z a m l U N;;;;;;;
680777;29546;-1;<p:>;;;;;;;;;;
710324;1322;10;z;;Sekunde;z e k U n d @;;;;;;;
711647;4850;10;e;;Sekunde;z e k U n d @;;;;;;;
716498;4850;10;k;;Sekunde;z e k U n d @;;;;;;;
721349;3086;10;U;;Sekunde;z e k U n d @;;;;;;;
724436;4850;10;n;;Sekunde;z e k U n d @;;;;;;;
729287;1322;10;d;;Sekunde;z e k U n d @;;;;;;;
730610;3527;10;@;;Sekunde;z e k U n d @;;;;;;;
734138;46745;-1;<p:>;;;;;;;;;;
780884;2204;11;?;;Essen;? E s @ n;;;;;;;
783089;7937;11;E;;Essen;? E s @ n;;;;;;;
791027;2645;11;s;;Essen;? E s @ n;;;;;;;
793673;8819;11;@;;Essen;? E s @ n;;;;;;;
802493;2645;11;n;;Essen;? E s @ n;;;;;;;
805139;29105;-1;<p:>;;;;;;;;;;
834245;2204;12;l;;Lesen;l e: z @ n;;;;;;;
836450;8378;12;e:;;Lesen;l e: z @ n;;;;;;;
844829;1322;12;z;;Lesen;l e: z @ n;;;;;;;
846152;2645;12;@;;Lesen;l e: z @ n;;;;;;;
848798;7496;12;n;;Lesen;l e: z @ n;;;;;;;
856295;31310;-1;<p:>;;;;;;;;;;
887606;1322;13;r;;Rasen;r a: z @ n;;;;;;;
888929;13670;13;a:;;Rasen;r a: z @ n;;;;;;;
902600;1763;13;z;;Rasen;r a: z @ n;;;;;;;
904364;1322;13;@;;Rasen;r a: z @ n;;;;;;;
905687;3527;13;n;;Rasen;r a: z @ n;;;;;;;
909215;27782;-1;<p:>;;;;;;;;;;
936998;1322;14;r;;Rosen;r o: z @ n;;;;;;;
938321;9701;14;o:;;Rosen;r o: z @ n;;;;;;;
948023;4850;14;z;;Rosen;r o: z @ n;;;;;;;
952874;8378;14;@;;Rosen;r o: z @ n;;;;;;;
961253;1763;14;n;;Rosen;r o: z @ n;;;;;;;
963017;32633;-1;<p:>;;;;;;;;;;
995651;3527;15;v;;Wissen;v I s @ n;;;;;;;
999179;7055;15;I;;Wissen;v I s @ n;;;;;;;
1006235;1322;15;s;;Wissen;v I s @ n;;;;;;;
1007558;7496;15;@;;Wissen;v I s @ n;;;;;;;
1015055;1322;15;n;;Wissen;v I s @ n;;;;;;;
1016378;30428;-1;<p:>;;;;;;;;;;
1046807;3086;16;f;;Fressen;f r E s @ n;;;;;;;
1049894;2645;16;r;;Fressen;f r E s @ n;;;;;;;
1052540;3968;16;E;;Fressen;f r E s @ n;;;;;;;
1056509;1322;16;s;;Fressen;f r E s @ n;;;;;;;
1057832;3968;16;@;;Fressen;f r E s @ n;;;;;;;
1061801;9260;16;n;;Fressen;f r E s @ n;;;;;;;
1071062;40130;-1;<p:>;;;;;;;;;;
1111193;6614;17;S;;Schießen;S i: s @ n;;;;;;;
1117808;7055;17;i:;;Schießen;S i: s @ n;;;;;;;
1124864;1322;17;s;;Schießen;S i: s @ n;;;;;;;
1126187;3968;17;@;;Schießen;S i: s @ n;;;;;;;
1130156;8819;17;n;;Schießen;S i: s @ n;;;;;;;
1138976;35279;-1;<p:>;;;;;;;;;;
1174256;4409;18;f;;Fließen;f l i: s @ n;;;;;;;
1178666;1322;18;l;;Fließen;f l i: s @ n;;;;;;;
1179989;7055;18;i:;;Fließen;f l i: s @ n;;;;;;;
1187045;1322;18;s;;Fließen;f l i: s @ n;;;;;;;
1188368;5291;18;@;;Fließen;f l i: s @ n;;;;;;;
1193660;8378;18;n;;Fließen;f l i: s @ n;;;;;;;
1202039;31310;-1;<p:>;;;;;;;;;;
1233350;3086;19;r;;Reisen;r aI z @ n;;;;;;;
1236437;7496;19;aI;;Reisen;r aI z @ n;;;;;;;
1243934;1763;19;z;;Reisen;r aI z @ n;;;;;;;
1245698;11024;19;@;;Reisen;r aI z @ n;;;;;;;
1256723;33956;19;N;;Reisen;r aI z @ n;;;;;;;
1290680;55124;-1;<p:>;;;;;;;;;;
1345805;1322;20;b;;Bus;b U s;;;;;;;
1347128;6173;20;U;;Bus;b U s;;;;;;;
1353302;1322;20;s;;Bus;b U s;;;;;;;
1354625;38366;-1;<p:>;;;;;;;;;;
1392992;3086;21;n;;Nass;n a s;;;;;;;
1396079;6173;21;a;;Nass;n a s;;;;;;;
1402253;1322;21;s;;Nass;n a s;;;;;;;
1403576;41453;-1;<p:>;;;;;;;;;;
1445030;3527;22;S;;Schluss;S l U s;;;;;;;
1448558;3968;22;l;;Schluss;S l U s;;;;;;;
1452527;3527;22;U;;Schluss;S l U s;;;;;;;
1456055;1322;22;s;;Schluss;S l U s;;;;;;;
1457378;35279;-1;<p:>;;;;;;;;;;
1492658;2645;23;k;;Kuss;k U s;;;;;;;
1495304;5291;23;U;;Kuss;k U s;;;;;;;
1500596;1322;23;s;;Kuss;k U s;;;;;;;
1501919;37925;-1;<p:>;;;;;;;;;;
1539845;3086;24;m;;Mist;m I s t;;;;;;;
1542932;7496;24;I;;Mist;m I s t;;;;;;;
1550429;1763;24;s;;Mist;m I s t;;;;;;;
1552193;43217;-1;<p:>;;;;;;;;;;
1595411;3527;25;f;;Fass;f a s;;;;;;;
1598939;5291;25;a;;Fass;f a s;;;;;;;
1604231;1322;25;s;;Fass;f a s;;;;;;;
1605554;31751;-1;<p:>;;;;;;;;;;
1637306;1763;26;g;;Glas;g l a: s;;;;;;;
1639070;3086;26;l;;Glas;g l a: s;;;;;;;
1642157;8819;26;a:;;Glas;g l a: s;;;;;;;
1650977;1983;26;s;;Glas;g l a: s;;;;;;;
1652961;1983;27;S;;Stuss;S t u: s;;;;;;;
1654945;3969;27;t;;Stuss;S t u: s;;;;;;;
1658915;2204;27;u:;;Stuss;S t u: s;;;;;;;
1661120;1542;27;s;;Stuss;S t u: s;;;;;;;
1662663;241005;28;j;;Genuss;g @ n U s;;;;;;;
1903669;1323;28;@;;Genuss;g @ n U s;;;;;;;
1904993;1322;28;n;;Genuss;g @ n U s;;;;;;;
1906316;1322;28;U;;Genuss;g @ n U s;;;;;;;
1907639;1322;28;s;;Genuss;g @ n U s;;;;;;;
1908962;3527;29;ts;;Zug;ts u: k;;;;;;;
1912490;10583;29;u:;;Zug;ts u: k;;;;;;;
1923074;2204;29;k;;Zug;ts u: k;;;;;;;
1925279;15875;30;h;;Hexe;h E k s @;;;;;;;
1941155;7937;30;E;;Hexe;h E k s @;;;;;;;
1949093;6173;30;k;;Hexe;h E k s @;;;;;;;
1955267;2645;30;s;;Hexe;h E k s @;;;;;;;
1957913;10583;30;@;;Hexe;h E k s @;;;;;;;
1968497;14111;-1;<p:>;;;;;;;;;;
1982609;4409;31;k;;Katze;k a t s @;;;;;;;
1987019;3527;31;a;;Katze;k a t s @;;;;;;;
1990547;9701;31;t;;Katze;k a t s @;;;;;;;
2000249;2204;31;s;;Katze;k a t s @;;;;;;;
2002454;8819;31;@;;Katze;k a t s @;;;;;;;
2011274;25577;-1;<p:>;;;;;;;;;;
2036852;6614;32;S;;Scherz;S E 6 ts;;;;;;;
2043467;2204;32;E;;Scherz;S E 6 ts;;;;;;;
2045672;8378;32;6;;Scherz;S E 6 ts;;;;;;;
2054051;4409;32;ts;;Scherz;S E 6 ts;;;;;;;
2058461;39248;-1;<p:>;;;;;;;;;;
2097710;4850;33;ts;;Zahn;ts a: n;;;;;;;
2102561;11465;33;a:;;Zahn;ts a: n;;;;;;;
2114027;4850;33;n;;Zahn;ts a: n;;;;;;;
2118878;12788;-1;<p:>;;;;;;;;;;
2131667;4850;34;k;;Xylophon;k s y l o f o: n;;;;;;;
2136518;3086;34;s;;Xylophon;k s y l o f o: n;;;;;;;
2139605;2204;34;y;;Xylophon;k s y l o f o: n;;;;;;;
2141810;3086;34;l;;Xylophon;k s y l o f o: n;;;;;;;
2144897;3968;34;o;;Xylophon;k s y l o f o: n;;;;;;;
2148866;6614;34;f;;Xylophon;k s y l o f o: n;;;;;;;
2155481;4850;34;o:;;Xylophon;k s y l o f o: n;;;;;;;
2160332;1763;34;n;;Xylophon;k s y l o f o: n;;;;;;;
2162096;1322;35;I;;Ich;? I C;;;;;;;
2163419;75410;35;j;;Ich;? I C;;;;;;;
2238830;18080;36;E;;esse;? E s @;;;;;;;
2256911;1322;36;s;;esse;? E s @;;;;;;;
2258234;18080;36;@;;esse;? E s @;;;;;;;
2276315;9701;-1;<p:>;;;;;;;;;;
2286017;1322;37;g;;gern;g E 6 n;;;;;;;
2287340;4850;37;E;;gern;g E 6 n;;;;;;;
2292191;6173;37;6;;gern;g E 6 n;;;;;;;
2298365;1322;37;n;;gern;g E 6 n;;;;;;;
2299688;24254;-1;<p:>;;;;;;;;;;
2323943;3527;38;f;;frisches;f r I S @ s;;;;;;;
2327471;2645;38;r;;frisches;f r I S @ s;;;;;;;
2330117;4409;38;I;;frisches;f r I S @ s;;;;;;;
2334527;7496;38;S;;frisches;f r I S @ s;;;;;;;
2342024;6173;38;@;;frisches;f r I S @ s;;;;;;;
2348198;2204;-1;<p:>;;;;;;;;;;
2350403;102752;39;j;;Gemüse;g @ m y: z @;;;;;;;
2453156;1322;39;@;;Gemüse;g @ m y: z @;;;;;;;
2454479;1322;39;m;;Gemüse;g @ m y: z @;;;;;;;
2455802;1763;39;y:;;Gemüse;g @ m y: z @;;;;;;;
2457566;1763;39;z;;Gemüse;g @ m y: z @;;;;;;;
2459330;1322;40;d;;Die;d i:;;;;;;;
2460653;3527;40;i:;;Die;d i:;;;;;;;
2464181;1322;41;r;;Rosen;r o: z @ n;;;;;;;
2465504;11024;41;o:;;Rosen;r o: z @ n;;;;;;;
2476529;3968;41;z;;Rosen;r o: z @ n;;;;;;;
2480498;4409;41;@;;Rosen;r o: z @ n;;;;;;;
2484908;4850;41;n;;Rosen;r o: z @ n;;;;;;;
2489759;1322;42;b;;blühen;b l y: @ n;;;;;;;
2491082;1322;42;l;;blühen;b l y: @ n;;;;;;;
2492405;1763;42;y:;;blühen;b l y: @ n;;;;;;;
2494169;6173;42;@;;blühen;b l y: @ n;;;;;;;
2500343;2204;42;n;;blühen;b l y: @ n;;;;;;;
2502548;2645;43;I;;im;? I m;;;;;;;
2505194;1322;43;m;;im;? I m;;;;;;;
2506517;3968;44;N;;Garten;g a r t @ n;;;;;;;
2510486;9260;44;a;;Garten;g a r t @ n;;;;;;;
2519747;1763;44;r;;Garten;g a r t @ n;;;;;;;
2521511;2645;44;t;;Garten;g a r t @ n;;;;;;;
2524157;1763;44;@;;Garten;g a r t @ n;;;;;;;
2525921;2204;44;n;;Garten;g a r t @ n;;;;;;;
2528126;49832;-1;<p:>;;;;;;;;;;
2577959;3086;45;d;;Die;d i:;;;;;;;
2581046;2424;45;i:;;Die;d i:;;;;;;;
2583471;2424;46;z;;Sicht;z I C t;;;;;;;
2585896;9702;46;I;;Sicht;z I C t;;;;;;;
2595599;2204;46;C;;Sicht;z I C t;;;;;;;
2597804;2204;46;t;;Sicht;z I C t;;;;;;;
2600009;2645;47;v;;war;v a: r;;;;;;;
2602655;4850;47;a:;;war;v a: r;;;;;;;
2607506;1763;47;r;;war;v a: r;;;;;;;
2609270;2645;48;k;;klar;k l a: r;;;;;;;
2611916;1763;48;l;;klar;k l a: r;;;;;;;
2613680;11465;48;a:;;klar;k l a: r;;;;;;;
2625146;2204;48;r;;klar;k l a: r;;;;;;;
2627351;2204;-1;<p:>;;;;;;;;;;
2629556;1322;49;?;;am;? a m;;;;;;;
2630879;4409;49;a;;am;? a m;;;;;;;
2635289;1322;49;m;;am;? a m;;;;;;;
2636612;37484;-1;<p:>;;;;;;;;;;
2674097;1322;50;b;;Berg;b E 6 k;;;;;;;
2675420;1322;50;E;;Berg;b E 6 k;;;;;;;
2676743;4409;50;6;;Berg;b E 6 k;;;;;;;
2681153;1322;50;k;;Berg;b E 6 k;;;;;;;
2682476;21167;-1;<p:>;;;;;;;;;;
2703644;1322;51;d;;Der;d e: 6;;;;;;;
2704967;2204;51;e:;;Der;d e: 6;;;;;;;
2707172;4850;51;6;;Der;d e: 6;;;;;;;
2712023;2645;52;b;;Bus;b U s;;;;;;;
2714669;5732;52;U;;Bus;b U s;;;;;;;
2720402;2204;52;s;;Bus;b U s;;;;;;;
2722607;16316;53;f;;fährt;f E: 6 t;;;;;;;
2738924;5732;53;E:;;fährt;f E: 6 t;;;;;;;
2744657;3086;53;6;;fährt;f E: 6 t;;;;;;;
2747744;2645;54;n;;nach;n a: x;;;;;;;
2750390;1763;54;a:;;nach;n a: x;;;;;;;
2752154;1322;54;x;;nach;n a: x;;;;;;;
2753477;6614;55;h;;Hause;h aU z @;;;;;;;
2760092;8819;55;aU;;Hause;h aU z @;;;;;;;
2768912;1322;55;z;;Hause;h aU z @;;;;;;;
2770235;6614;55;@;;Hause;h aU z @;;;;;;;
2776850;44981;-1;<p:>;;;;;;;;;;
2821832;1322;56;?;;Es;? E s;;;;;;;
2823155;6173;56;E;;Es;? E s;;;;;;;
2829329;1542;56;s;;Es;? E s;;;;;;;
2830872;3747;57;I;;ist;? I s t;;;;;;;
2834620;5292;57;s;;ist;? I s t;;;;;;;
2839913;2645;-1;<p:>;;;;;;;;;;
2842559;3968;58;n;;nass;n a s;;;;;;;
2846528;6614;58;a;;nass;n a s;;;;;;;
2853143;1322;58;s;;nass;n a s;;;;;;;
2854466;9260;-1;<p:>;;;;;;;;;;
2863727;1763;59;?;;auf;? aU f;;;;;;;
2865491;6614;59;aU;;auf;? aU f;;;;;;;
2872106;2645;59;f;;auf;? aU f;;;;;;;
2874752;2645;60;d;;der;d e: 6;;;;;;;
2877398;1763;60;e:;;der;d e: 6;;;;;;;
2879162;3527;60;6;;der;d e: 6;;;;;;;
2882690;3086;61;S;;Straße;S t r a: s @;;;;;;;
2885777;12788;61;t;;Straße;S t r a: s @;;;;;;;
2898566;2204;61;r;;Straße;S t r a: s @;;;;;;;
2900771;11465;61;a:;;Straße;S t r a: s @;;;;;;;
2912237;1322;61;s;;Straße;S t r a: s @;;;;;;;
2913560;1322;61;@;;Straße;S t r a: s @;;;;;;;
2914883;2204;-1;<p:>;;;;;;;;;;
2917088;3968;62;?;;Ich;? I C;;;;;;;
2921057;1322;62;I;;Ich;? I C;;;;;;;
2922380;62621;62;j;;Ich;? I C;;;;;;;
2985002;2645;63;m;;mag;m a: k;;;;;;;
2987648;5732;63;a:;;mag;m a: k;;;;;;;
2993381;4409;63;h;;mag;m a: k;;;;;;;
2997791;1763;64;z;;Salz;z a l ts;;;;;;;
2999555;7937;64;a;;Salz;z a l ts;;;;;;;
3007493;6173;64;l;;Salz;z a l ts;;;;;;;
3013667;2204;64;ts;;Salz;z a l ts;;;;;;;
3015872;5291;65;aU;;auf;? aU f;;;;;;;
3021164;3527;65;f;;auf;? aU f;;;;;;;
3024692;1763;66;m;;meinem;m aI n @ m;;;;;;;
3026456;5291;66;aI;;meinem;m aI n @ m;;;;;;;
3031748;1763;66;n;;meinem;m aI n @ m;;;;;;;
3033512;4850;66;@;;meinem;m aI n @ m;;;;;;;
3038363;1322;66;m;;meinem;m aI n @ m;;;;;;;
3039686;5732;67;E;;Essen;? E s @ n;;;;;;;
3045419;1322;67;s;;Essen;? E s @ n;;;;;;;
3046742;1763;67;@;;Essen;? E s @ n;;;;;;;
3048506;48509;67;N;;Essen;? E s @ n;;;;;;;
3097016;1322;68;?;;Ein;? aI n;;;;;;;
3098339;3527;68;aI;;Ein;? aI n;;;;;;;
3101867;3086;68;n;;Ein;? aI n;;;;;;;
3104954;5291;69;k;;Kuss;k U s;;;;;;;
3110246;4850;69;U;;Kuss;k U s;;;;;;;
3115097;1322;69;z;;Kuss;k U s;;;;;;;
3116420;7496;70;I;;ist;? I s t;;;;;;;
3123917;3968;70;z;;ist;? I s t;;;;;;;
3127886;14111;-1;<p:>;;;;;;;;;;
3141998;1322;71;z;;süß;z y: s;;;;;;;
3143321;10583;71;y:;;süß;z y: s;;;;;;;
3153905;1322;71;s;;süß;z y: s;;;;;;;
3155228;3086;-1;<p:>;;;;;;;;;;
3158315;5732;72;?;;und;? U n t;;;;;;;
3164048;4409;72;U;;und;? U n t;;;;;;;
3168458;1763;72;n;;und;? U n t;;;;;;;
3170222;6173;-1;<p:>;;;;;;;;;;
3176396;3086;73;ts;;zärtlich;ts E: 6 t l I C;;;;;;;
3179483;6614;73;E:;;zärtlich;ts E: 6 t l I C;;;;;;;
3186098;1763;73;6;;zärtlich;ts E: 6 t l I C;;;;;;;
3187862;2645;73;t;;zärtlich;ts E: 6 t l I C;;;;;;;
3190508;1763;73;l;;zärtlich;ts E: 6 t l I C;;;;;;;
3192272;2204;73;I;;zärtlich;ts E: 6 t l I C;;;;;;;
3194477;46745;73;j;;zärtlich;ts E: 6 t l I C;;;;;;;
3241223;1322;74;d;;Die;d i:;;;;;;;
3242546;2645;74;i:;;Die;d i:;;;;;;;
3245192;2204;75;h;;Hexe;h E k s @;;;;;;;
3247397;5732;75;E;;Hexe;h E k s @;;;;;;;
3253130;5732;75;k;;Hexe;h E k s @;;;;;;;
3258863;1322;75;s;;Hexe;h E k s @;;;;;;;
3260186;7055;75;@;;Hexe;h E k s @;;;;;;;
3267242;2204;76;d;;dachte;d a x t @;;;;;;;
3269447;3968;76;a;;dachte;d a x t @;;;;;;;
3273416;6173;76;x;;dachte;d a x t @;;;;;;;
3279590;1763;76;t;;dachte;d a x t @;;;;;;;
3281354;4409;76;@;;dachte;d a x t @;;;;;;;
3285764;1322;77;?;;an;? a n;;;;;;;
3287087;3086;77;a;;an;? a n;;;;;;;
3290174;5732;77;n;;an;? a n;;;;;;;
3295907;2645;78;i:;;ihren;? i: r @ n;;;;;;;
3298553;1763;78;6;;ihren;? i: r @ n;;;;;;;
3300317;5732;78;n;;ihren;? i: r @ n;;;;;;;
3306050;2204;79;ts;;Zaubertrank;ts aU b 6 t r a N k;;;;;;;
3308255;7937;79;aU;;Zaubertrank;ts aU b 6 t r a N k;;;;;;;
3316193;2204;79;b;;Zaubertrank;ts aU b 6 t r a N k;;;;;;;
3318398;5291;79;6;;Zaubertrank;ts aU b 6 t r a N k;;;;;;;
3323690;1322;79;t;;Zaubertrank;ts aU b 6 t r a N k;;;;;;;
3325013;3527;79;r;;Zaubertrank;ts aU b 6 t r a N k;;;;;;;
3328541;4409;79;a;;Zaubertrank;ts aU b 6 t r a N k;;;;;;;
3332951;3968;79;N;;Zaubertrank;ts aU b 6 t r a N k;;;;;;;
3336920;58652;-1;<p:>;;;;;;;;;;
3395573;1322;80;d;;Der;d e: 6;;;;;;;
3396896;1763;80;e:;;Der;d e: 6;;;;;;;
3398660;4850;80;6;;Der;d e: 6;;;;;;;
3403511;7496;81;ts;;Zug;ts u: k;;;;;;;
3411008;11024;81;u:;;Zug;ts u: k;;;;;;;
3422033;1322;81;k;;Zug;ts u: k;;;;;;;
3423356;2645;82;f;;fährt;f E: 6 t;;;;;;;
3426002;7496;82;E:;;fährt;f E: 6 t;;;;;;;
3433499;2204;82;6;;fährt;f E: 6 t;;;;;;;
3435704;2645;83;p;;pünktlich;p Y N k t l I C;;;;;;;
3438350;3968;83;Y;;pünktlich;p Y N k t l I C;;;;;;;
3442319;3968;83;N;;pünktlich;p Y N k t l I C;;;;;;;
3446288;1322;83;k;;pünktlich;p Y N k t l I C;;;;;;;
3447611;1322;83;t;;pünktlich;p Y N k t l I C;;;;;;;
3448934;1322;83;l;;pünktlich;p Y N k t l I C;;;;;;;
3450257;1763;83;I;;pünktlich;p Y N k t l I C;;;;;;;
3452021;2645;83;C;;pünktlich;p Y N k t l I C;;;;;;;
3454667;3086;84;?;;in;? I n;;;;;;;
3457754;1322;84;I;;in;? I n;;;;;;;
3459077;2645;84;n;;in;? I n;;;;;;;
3461723;2204;-1;<p:>;;;;;;;;;;
3463928;4850;85;k;;Karlsruhe;k a r l s r u: @;;;;;;;
3468779;5732;85;a;;Karlsruhe;k a r l s r u: @;;;;;;;
3474512;3086;85;r;;Karlsruhe;k a r l s r u: @;;;;;;;
3477599;1322;85;l;;Karlsruhe;k a r l s r u: @;;;;;;;
3478922;1322;85;s;;Karlsruhe;k a r l s r u: @;;;;;;;
3480245;4409;85;r;;Karlsruhe;k a r l s r u: @;;;;;;;
3484655;5732;85;u:;;Karlsruhe;k a r l s r u: @;;;;;;;
3490388;5952;85;@;;Karlsruhe;k a r l s r u: @;;;;;;;
3496341;4629;86;a;;ab;? a p;;;;;;;
3500971;1323;86;p;;ab;? a p;;;;;;;
3502295;56447;-1;<p:>;;;;;;;;;;
3558743;1322;87;z;;Säure;z OY r @;;;;;;;
3560066;8378;87;OY;;Säure;z OY r @;;;;;;;
3568445;3086;87;r;;Säure;z OY r @;;;;;;;
3571532;4850;87;@;;Säure;z OY r @;;;;;;;
3576383;2204;88;k;;kann;k a n;;;;;;;
3578588;3086;88;a;;kann;k a n;;;;;;;
3581675;4850;88;n;;kann;k a n;;;;;;;
3586526;1763;89;g;;gefährlich;g @ f E: 6 l I C;;;;;;;
3588290;3527;89;@;;gefährlich;g @ f E: 6 l I C;;;;;;;
3591818;1322;89;f;;gefährlich;g @ f E: 6 l I C;;;;;;;
3593141;7055;89;E:;;gefährlich;g @ f E: 6 l I C;;;;;;;
3600197;3086;89;6;;gefährlich;g @ f E: 6 l I C;;;;;;;
3603284;2645;89;l;;gefährlich;g @ f E: 6 l I C;;;;;;;
3605930;2645;89;I;;gefährlich;g @ f E: 6 l I C;;;;;;;
3608576;3527;89;C;;gefährlich;g @ f E: 6 l I C;;;;;;;
3612104;5291;-1;<p:>;;;;;;;;;;
3617396;7937;90;aI;;sein;z aI n;;;;;;;
3625334;6173;90;n;;sein;z aI n;;;;;;;
3631508;3527;91;v;;wenn;v E n;;;;;;;
3635036;3968;91;E;;wenn;v E n;;;;;;;
3639005;2204;91;n;;wenn;v E n;;;;;;;
3641210;1322;92;m;;man;m a n;;;;;;;
3642533;3086;92;a;;man;m a n;;;;;;;
3645620;1763;92;n;;man;m a n;;;;;;;
3647384;1322;93;n;;nicht;n I C t;;;;;;;
3648707;1763;93;I;;nicht;n I C t;;;;;;;
3650471;3086;93;C;;nicht;n I C t;;;;;;;
3653558;2204;93;t;;nicht;n I C t;;;;;;;
3655763;3086;94;?;;aufpasst;? aU f p a s t;;;;;;;
3658850;6614;94;aU;;aufpasst;? aU f p a s t;;;;;;;
3665465;2645;94;f;;aufpasst;? aU f p a s t;;;;;;;
3668111;1322;94;p;;aufpasst;? aU f p a s t;;;;;;;
3669434;7496;94;a;;aufpasst;? aU f p a s t;;;;;;;
3676931;1322;94;s;;aufpasst;? aU f p a s t;;;;;;;
3678254;48068;-1;<p:>;;;;;;;;;;
3726323;29105;95;n;;Die;d i:;;;;;;;
3755429;6614;95;i:;;Die;d i:;;;;;;;
3762044;10142;-1;<p:>;;;;;;;;;;
3772187;1322;96;z;;Sammlung;z a m l U N;;;;;;;
3773510;6173;96;a;;Sammlung;z a m l U N;;;;;;;
3779684;1763;96;m;;Sammlung;z a m l U N;;;;;;;
3781448;1322;96;l;;Sammlung;z a m l U N;;;;;;;
3782771;3968;96;U;;Sammlung;z a m l U N;;;;;;;
3786740;6173;96;N;;Sammlung;z a m l U N;;;;;;;
3792914;1322;97;f;;von;f O n;;;;;;;
3794237;2645;97;O;;von;f O n;;;;;;;
3796883;2645;97;n;;von;f O n;;;;;;;
3799529;3086;-1;<p:>;;;;;;;;;;
3802616;3086;98;k;;Kunstwerken;k U n s t v 6 k @ n;;;;;;;
3805703;3086;98;U;;Kunstwerken;k U n s t v 6 k @ n;;;;;;;
3808790;3527;98;n;;Kunstwerken;k U n s t v 6 k @ n;;;;;;;
3812318;1322;98;s;;Kunstwerken;k U n s t v 6 k @ n;;;;;;;
3813641;7496;98;t;;Kunstwerken;k U n s t v 6 k @ n;;;;;;;
3821138;2204;98;v;;Kunstwerken;k U n s t v 6 k @ n;;;;;;;
3823343;8819;98;6;;Kunstwerken;k U n s t v 6 k @ n;;;;;;;
3832163;1322;98;k;;Kunstwerken;k U n s t v 6 k @ n;;;;;;;
3833486;3968;98;@;;Kunstwerken;k U n s t v 6 k @ n;;;;;;;
3837455;2645;98;n;;Kunstwerken;k U n s t v 6 k @ n;;;;;;;
3840101;5291;99;I;;ist;? I s t;;;;;;;
3845393;2645;99;s;;ist;? I s t;;;;;;;
3848039;12347;99;t;;ist;? I s t;;;;;;;
3860387;13670;-1;<p:>;;;;;;;;;;
3874058;1322;100;b;;beeindruckend;b @ ? aI n d r U k @ n t;;;;;;;
3875381;5732;100;@;;beeindruckend;b @ ? aI n d r U k @ n t;;;;;;;
3881114;5291;100;aI;;beeindruckend;b @ ? aI n d r U k @ n t;;;;;;;
3886406;3527;100;n;;beeindruckend;b @ ? aI n d r U k @ n t;;;;;;;
3889934;2204;100;d;;beeindruckend;b @ ? aI n d r U k @ n t;;;;;;;
3892139;3086;100;r;;beeindruckend;b @ ? aI n d r U k @ n t;;;;;;;
3895226;2645;100;U;;beeindruckend;b @ ? aI n d r U k @ n t;;;;;;;
3897872;1322;100;k;;beeindruckend;b @ ? aI n d r U k @ n t;;;;;;;
3899195;3086;100;@;;beeindruckend;b @ ? aI n d r U k @ n t;;;;;;;
3902282;1763;100;n;;beeindruckend;b @ ? aI n d r U k @ n t;;;;;;;
3904046;67913;100;h;;beeindruckend;b @ ? aI n d r U k @ n t;;;;;;;
3971960;4409;-1;<p:>;;;;;;;;;;
3976370;1322;101;d;;Die;d i:;;;;;;;
3977693;3527;101;i:;;Die;d i:;;;;;;;
3981221;1763;102;z;;Sekunde;z e k U n d @;;;;;;;
3982985;7055;102;e;;Sekunde;z e k U n d @;;;;;;;
3990041;3527;102;k;;Sekunde;z e k U n d @;;;;;;;
3993569;3968;102;U;;Sekunde;z e k U n d @;;;;;;;
3997538;4850;102;n;;Sekunde;z e k U n d @;;;;;;;
4002389;1322;102;d;;Sekunde;z e k U n d @;;;;;;;
4003712;9701;102;@;;Sekunde;z e k U n d @;;;;;;;
4013414;1763;103;f;;vergeht;f E 6 g e: t;;;;;;;
4015178;3086;103;E;;vergeht;f E 6 g e: t;;;;;;;
4018265;1322;103;6;;vergeht;f E 6 g e: t;;;;;;;
4019588;3086;103;g;;vergeht;f E 6 g e: t;;;;;;;
4022675;6614;103;e:;;vergeht;f E 6 g e: t;;;;;;;
4029290;1322;103;t;;vergeht;f E 6 g e: t;;;;;;;
4030613;5732;-1;<p:>;;;;;;;;;;
4036346;3527;104;S;;schnell;S n E l;;;;;;;
4039874;3968;104;n;;schnell;S n E l;;;;;;;
4043843;6173;104;E;;schnell;S n E l;;;;;;;
4050017;4850;104;l;;schnell;S n E l;;;;;;;
4054868;1763;105;?;;in;? I n;;;;;;;
4056632;2204;105;I;;in;? I n;;;;;;;
4058837;3968;105;n;;in;? I n;;;;;;;
4062806;2204;106;?;;aufregenden;? aU f r e: g @ n d @ n;;;;;;;
4065011;7055;106;aU;;aufregenden;? aU f r e: g @ n d @ n;;;;;;;
4072067;1322;106;f;;aufregenden;? aU f r e: g @ n d @ n;;;;;;;
4073390;3527;106;r;;aufregenden;? aU f r e: g @ n d @ n;;;;;;;
4076918;5291;106;e:;;aufregenden;? aU f r e: g @ n d @ n;;;;;;;
4082210;2204;106;g;;aufregenden;? aU f r e: g @ n d @ n;;;;;;;
4084415;1322;106;@;;aufregenden;? aU f r e: g @ n d @ n;;;;;;;
4085738;2645;106;n;;aufregenden;? aU f r e: g @ n d @ n;;;;;;;
4088384;1322;106;d;;aufregenden;? aU f r e: g @ n d @ n;;;;;;;
4089707;3968;106;@;;aufregenden;? aU f r e: g @ n d @ n;;;;;;;
4093676;2204;106;n;;aufregenden;? aU f r e: g @ n d @ n;;;;;;;
4095881;1322;107;m;;Momenten;m o m E n t @ n;;;;;;;
4097204;3968;107;o;;Momenten;m o m E n t @ n;;;;;;;
4101173;2645;107;m;;Momenten;m o m E n t @ n;;;;;;;
4103819;4409;107;E;;Momenten;m o m E n t @ n;;;;;;;
4108229;1322;107;n;;Momenten;m o m E n t @ n;;;;;;;
4109552;7937;107;t;;Momenten;m o m E n t @ n;;;;;;;
4117490;5291;107;@;;Momenten;m o m E n t @ n;;;;;;;
4122782;40571;107;N;;Momenten;m o m E n t @ n;;;;;;;
4163354;24695;-1;<p:>;;;;;;;;;;
4188050;2204;108;d;;Die;d i:;;;;;;;
4190255;2204;108;i:;;Die;d i:;;;;;;;
4192460;3527;-1;<p:>;;;;;;;;;;
4195988;2204;109;g;;große;g r o: s @;;;;;;;
4198193;4409;109;r;;große;g r o: s @;;;;;;;
4202603;11024;109;o:;;große;g r o: s @;;;;;;;
4213628;1322;109;s;;große;g r o: s @;;;;;;;
4214951;12788;109;@;;große;g r o: s @;;;;;;;
4227740;33956;-1;<p:>;;;;;;;;;;
4261697;6614;110;S;;Schildkröte;S I l t k r 2: t @;;;;;;;
4268312;1322;110;I;;Schildkröte;S I l t k r 2: t @;;;;;;;
4269635;5291;110;l;;Schildkröte;S I l t k r 2: t @;;;;;;;
4274927;6173;110;t;;Schildkröte;S I l t k r 2: t @;;;;;;;
4281101;2645;110;k;;Schildkröte;S I l t k r 2: t @;;;;;;;
4283747;2204;110;r;;Schildkröte;S I l t k r 2: t @;;;;;;;
4285952;6173;110;2:;;Schildkröte;S I l t k r 2: t @;;;;;;;
4292126;1322;110;t;;Schildkröte;S I l t k r 2: t @;;;;;;;
4293449;12788;110;@;;Schildkröte;S I l t k r 2: t @;;;;;;;
4306238;8378;111;S;;schwimmt;S v I m t;;;;;;;
4314617;2645;111;v;;schwimmt;S v I m t;;;;;;;
4317263;8819;111;I;;schwimmt;S v I m t;;;;;;;
4326083;1322;111;m;;schwimmt;S v I m t;;;;;;;
4327406;5291;112;I;;im;? I m;;;;;;;
4332698;3527;112;m;;im;? I m;;;;;;;
4336226;6173;113;k;;klaren;k l a: r @ n;;;;;;;
4342400;1763;113;l;;klaren;k l a: r @ n;;;;;;;
4344164;8378;113;a:;;klaren;k l a: r @ n;;;;;;;
4352543;6614;113;r;;klaren;k l a: r @ n;;;;;;;
4359158;15434;113;@;;klaren;k l a: r @ n;;;;;;;
4374593;60857;113;N;;klaren;k l a: r @ n;;;;;;;
4435451;1322;114;v;;Wasser;v a s 6;;;;;;;
4436774;1322;114;a;;Wasser;v a s 6;;;;;;;
4438097;1322;114;s;;Wasser;v a s 6;;;;;;;
4439420;1322;114;6;;Wasser;v a s 6;;;;;;;
4440743;1322;115;d;;Die;d i:;;;;;;;
4442066;1763;115;i:;;Die;d i:;;;;;;;
4443830;1322;116;z;;Sicherheit;z I C 6 h aI t;;;;;;;
4445153;4409;116;I;;Sicherheit;z I C 6 h aI t;;;;;;;
4449563;3527;116;C;;Sicherheit;z I C 6 h aI t;;;;;;;
4453091;3527;116;6;;Sicherheit;z I C 6 h aI t;;;;;;;
4456619;3968;116;h;;Sicherheit;z I C 6 h aI t;;;;;;;
4460588;8378;116;aI;;Sicherheit;z I C 6 h aI t;;;;;;;
4468967;7055;117;I;;ist;? I s t;;;;;;;
4476023;1322;117;s;;ist;? I s t;;;;;;;
4477346;2204;117;t;;ist;? I s t;;;;;;;
4479551;2204;-1;<p:>;;;;;;;;;;
4481756;1322;118;d;;das;d a s;;;;;;;
4483079;2645;118;a;;das;d a s;;;;;;;
4485725;1763;118;s;;das;d a s;;;;;;;
4487489;6173;-1;<p:>;;;;;;;;;;
4493663;1763;119;v;;Wichtigste;v I C t I C s t @;;;;;;;
4495427;2204;119;I;;Wichtigste;v I C t I C s t @;;;;;;;
4497632;1322;119;C;;Wichtigste;v I C t I C s t @;;;;;;;
4498955;7937;119;t;;Wichtigste;v I C t I C s t @;;;;;;;
4506893;5732;119;I;;Wichtigste;v I C t I C s t @;;;;;;;
4512626;1322;119;s;;Wichtigste;v I C t I C s t @;;;;;;;
4513949;8819;119;t;;Wichtigste;v I C t I C s t @;;;;;;;
4522769;9260;119;@;;Wichtigste;v I C t I C s t @;;;;;;;
4532030;1763;120;b;;beim;b aI m;;;;;;;
4533794;4409;120;aI;;beim;b aI m;;;;;;;
4538204;2204;120;m;;beim;b aI m;;;;;;;
4540409;3968;121;r;;Reisen;r aI z @ n;;;;;;;
4544378;7496;121;aI;;Reisen;r aI z @ n;;;;;;;
4551875;1322;121;z;;Reisen;r aI z @ n;;;;;;;
4553198;1449;121;n;;Reisen;r aI z @ n;;;;;;;
4554648;28911;-1;<p:>;;;;;;;;;;
